123rf,Scenery,"Kyoto, Japan at the Bamboo Forest.",123rf_1.jpg,JPG,https://www.123rf.com/stock-photo/scenery.html?imgtype=0&oriSearch=kyoto++japan+at+the+bamboo+forest&sti=o67kp1ny4fyshz9smw|&mediapopup=50256709
123rf,Scenery,Nice landscape with sakura for adv or others purpose use,123rf_2.jpg,AI,https://www.123rf.com/stock-photo/nice_landscape_with_sakura_for_adv_or_others_purpose_use.html?imgtype=0&oriSearch=scenery&sti=nkiszgfmzy2bld9cop|&mediapopup=17598381
123rf,Scenery,hong kong night view with junk ship on foreground,123rf_3.jpg,PSD,https://www.123rf.com/stock-photo/hong_kong_night_view_with_junk_ship_on_foreground.html?imgtype=0&oriSearch=nice+landscape+with+sakura+for+adv+or+others+purpose+use&sti=m9ofu9s9x2eij06yze|&mediapopup=47874561
123rf,Scenery,Rural autumn scenery - Fall in forest - park road,123rf_4.jpg,JPG,https://www.123rf.com/stock-photo/rural_autumn_scenery_-_fall_in_forest_-_park_road.html?imgtype=0&oriSearch=hong+kong+night+view+with+junk+ship+on+foreground&sti=o8zenl543hahs35hx8|&mediapopup=9964355
123rf,Scenery,Vector of autumn landscape,123rf_5.jpg,AI,https://www.123rf.com/stock-photo/vector_of_autumn_landscape.html?imgtype=0&oriSearch=rural+autumn+scenery+-+fall+in+forest+-+park+road&sti=mqirgyw7l7wa2660v1|&mediapopup=13790922
Designnet,Scenery,green landscape on sunny morning,designs_1.jpg,AI,https://www.designs.net/asset/graphics/vector/green-landscape-on-sunny-morning-23460292
Designnet,Scenery,Mountain landscape,designs_2.jpng,PSD,https://www.designs.net/asset/graphics/vector/mountain-landscape-03392181
Designnet,Scenery,Mountains and road landscape,designs_3.png,JPG,https://www.designs.net/asset/graphics/vector/mountains-and-road-landscape-32838501
Designnet,Scenery,Sunny day landscape,designs_4.png,PSD,https://www.designs.net/asset/graphics/vector/sunny-day-landscape-94177248
Designnet,Scenery,landscape during summer,designs_5.jpg,AI,https://www.designs.net/asset/graphics/vector/landscape-during-summer-27060745
The Hungry Jpeg,Scenery,Sunset over car route,thj_1.jpg,JPG,https://thehungryjpeg.com/product/72124-sunset-over-car-route/
The Hungry Jpeg,Scenery,evening sunset sky and meadow,thj_2.jpg,JPG,https://thehungryjpeg.com/product/101394-evening-sunset-sky-and-meadow/
The Hungry Jpeg,Scenery,Light streak in sky over city at night,thj_3.jpg,PSD,https://thehungryjpeg.com/product/50667-light-streak-in-sky-over-city-at-night/
The Hungry Jpeg,Scenery,Cloud sunset from East river,thj_4.jpg,PSD,https://thehungryjpeg.com/product/84595-cloud-sunset-from-east-river/
The Hungry Jpeg,Scenery,Bench on the beach.,thj_5.jpg,AI,https://thehungryjpeg.com/product/22819-bench-on-the-beach/
Stock Unlimited,Scenery,Landscape with mountains in the background,su_1.png,JPG,https://www.stockunlimited.com/image/landscape-with-mountains-in-the-background-ananthagiri-hills-araku-valley-visakhapatnam-andhra-prade_2094589.html
Stock Unlimited,Scenery,Thames view eastwards,su_2.png,PSD,https://www.stockunlimited.com/image/thames-view-eastwards_1685980.html
Stock Unlimited,Scenery,London bridge,su_3.png,AI,https://www.stockunlimited.com/image/london-bridge_1685968.html
Stock Unlimited,Scenery,Attractive scene in asia,su_4.png,JPG,https://www.stockunlimited.com/image/attractive-scene-in-asia_2037774.html
Stock Unlimited,Scenery,Rural scene in korea,su_5.png,AI,https://www.stockunlimited.com/image/rural-scene-in-korea_2046217.html